variant_id,mutation,lane,overall_band,significant_axes,tier_reached,is_control,control_role,deconvolution_of,reason_to_test
WT,WT,wt_parental,control,,tier0_cheap,true,wt_parental,,Wild-type parental reference: baseline calibration control for the experimental panel.
mut_00025,S433Y,deconvolution,unresolved,,tier1_gpu_broad,false,,mut_00194,Deconvolution probe of multipoint hypothesis S433Y;S408E;V316D (mut_00194): hypothesis-grade mechanism probe to attribute the evidence band to its component substitutions.
mut_00052,S408E,deconvolution,unresolved,,tier2_focused_md,false,,mut_00194,Deconvolution probe of multipoint hypothesis S433Y;S408E;V316D (mut_00194): hypothesis-grade mechanism probe to attribute the evidence band to its component substitutions.
mut_00046,V316D,deconvolution,unresolved,,tier1_gpu_broad,false,,mut_00194,Deconvolution probe of multipoint hypothesis S433Y;S408E;V316D (mut_00194): hypothesis-grade mechanism probe to attribute the evidence band to its component substitutions.
mut_00070,S433P,deconvolution,unresolved,,tier2_focused_md,false,,mut_00237,Deconvolution probe of multipoint hypothesis S433P;A275V;A317L (mut_00237): hypothesis-grade mechanism probe to attribute the evidence band to its component substitutions.
mut_00040,A275V,deconvolution,unresolved,,tier1_gpu_broad,false,,mut_00237,Deconvolution probe of multipoint hypothesis S433P;A275V;A317L (mut_00237): hypothesis-grade mechanism probe to attribute the evidence band to its component substitutions.
mut_00113,A317L,deconvolution,unresolved,,tier0_cheap,false,,mut_00237,Deconvolution probe of multipoint hypothesis S433P;A275V;A317L (mut_00237): hypothesis-grade mechanism probe to attribute the evidence band to its component substitutions.
mut_00035,Y264F,deconvolution,unresolved,,tier0_cheap,false,,mut_00119,Deconvolution probe of multipoint hypothesis Y264F;S406T;D429E;A436T;V439I;Y519F;K524D;A536D (mut_00119): hypothesis-grade mechanism probe to attribute the evidence band to its component substitutions.
mut_00108,S406T,deconvolution,unresolved,,tier0_cheap,false,,mut_00119,Deconvolution probe of multipoint hypothesis Y264F;S406T;D429E;A436T;V439I;Y519F;K524D;A536D (mut_00119): hypothesis-grade mechanism probe to attribute the evidence band to its component substitutions.
mut_00062,D429E,deconvolution,unresolved,,tier0_cheap,false,,mut_00119,Deconvolution probe of multipoint hypothesis Y264F;S406T;D429E;A436T;V439I;Y519F;K524D;A536D (mut_00119): hypothesis-grade mechanism probe to attribute the evidence band to its component substitutions.
mut_00023,S433N,single_site_probe,control,,tier1_gpu_broad,false,,,Single-substitution probe carrying screening-level evidence (band control); prioritized for experimental testing.
mut_00024,S433Q,single_site_probe,control,,tier1_gpu_broad,false,,,Single-substitution probe carrying screening-level evidence (band control); prioritized for experimental testing.
mut_00022,S433T,single_site_probe,control,,tier2_focused_md,false,,,Single-substitution probe carrying screening-level evidence (band control); prioritized for experimental testing.
mut_00087,Y519F,single_site_probe,control,,tier0_cheap,false,,,Single-substitution probe carrying screening-level evidence (band control); prioritized for experimental testing.
mut_00112,T271E,single_site_probe,control,,tier0_cheap,false,,,Single-substitution probe carrying screening-level evidence (band control); prioritized for experimental testing.
mut_00237,S433P;A275V;A317L,control,control,,tier0_cheap,true,scalar_top,,"Panel calibration control (scalar_top): included to calibrate the evidence bands, not selected as a prioritized hypothesis."
mut_00194,S433Y;S408E;V316D,control,control,,tier0_cheap,true,scalar_top,,"Panel calibration control (scalar_top): included to calibrate the evidence bands, not selected as a prioritized hypothesis."
mut_00026,S433K,uncertainty_probe,unresolved,,tier1_gpu_broad,false,,,Uncertainty probe (uncertainty score 1.00): highest model disagreement remaining in the panel; learning objective is to reduce that disagreement and calibrate the uncertainty-learning axis for the next round.
mut_00027,S433R,uncertainty_probe,unresolved,,tier1_gpu_broad,false,,,Uncertainty probe (uncertainty score 1.00): highest model disagreement remaining in the panel; learning objective is to reduce that disagreement and calibrate the uncertainty-learning axis for the next round.
mut_00030,P438N,uncertainty_probe,unresolved,,tier1_gpu_broad,false,,,Uncertainty probe (uncertainty score 1.00): highest model disagreement remaining in the panel; learning objective is to reduce that disagreement and calibrate the uncertainty-learning axis for the next round.
mut_00031,P438Q,uncertainty_probe,unresolved,,tier1_gpu_broad,false,,,Uncertainty probe (uncertainty score 1.00): highest model disagreement remaining in the panel; learning objective is to reduce that disagreement and calibrate the uncertainty-learning axis for the next round.
mut_00028,P438S,single_site_probe,unresolved,,tier2_focused_md,false,,,"Exploratory single-site probe: no calibrated significant band, included for design-space coverage so the first wet-lab round can estimate axis-level enrichment; screening-level at most, prioritized for experimental testing."
mut_00057,M411L,single_site_probe,unresolved,,tier2_focused_md,false,,,"Exploratory single-site probe: no calibrated significant band, included for design-space coverage so the first wet-lab round can estimate axis-level enrichment; screening-level at most, prioritized for experimental testing."
mut_00080,Y487L,single_site_probe,unresolved,,tier2_focused_md,false,,,"Exploratory single-site probe: no calibrated significant band, included for design-space coverage so the first wet-lab round can estimate axis-level enrichment; screening-level at most, prioritized for experimental testing."
mut_00018,S433I,single_site_probe,unresolved,,tier0_cheap,false,,,"Exploratory single-site probe: no calibrated significant band, included for design-space coverage so the first wet-lab round can estimate axis-level enrichment; screening-level at most, prioritized for experimental testing."
mut_00039,G274A,single_site_probe,unresolved,,tier2_focused_md,false,,,"Exploratory single-site probe: no calibrated significant band, included for design-space coverage so the first wet-lab round can estimate axis-level enrichment; screening-level at most, prioritized for experimental testing."
mut_00017,S433L,single_site_probe,unresolved,,tier0_cheap,false,,,"Exploratory single-site probe: no calibrated significant band, included for design-space coverage so the first wet-lab round can estimate axis-level enrichment; screening-level at most, prioritized for experimental testing."
mut_00020,S433M,single_site_probe,unresolved,,tier0_cheap,false,,,"Exploratory single-site probe: no calibrated significant band, included for design-space coverage so the first wet-lab round can estimate axis-level enrichment; screening-level at most, prioritized for experimental testing."
mut_00019,S433V,single_site_probe,unresolved,,tier0_cheap,false,,,"Exploratory single-site probe: no calibrated significant band, included for design-space coverage so the first wet-lab round can estimate axis-level enrichment; screening-level at most, prioritized for experimental testing."
mut_00021,S433F,single_site_probe,unresolved,,tier0_cheap,false,,,"Exploratory single-site probe: no calibrated significant band, included for design-space coverage so the first wet-lab round can estimate axis-level enrichment; screening-level at most, prioritized for experimental testing."
mut_00073,T434A,single_site_probe,unresolved,,tier2_focused_md,false,,,"Exploratory single-site probe: no calibrated significant band, included for design-space coverage so the first wet-lab round can estimate axis-level enrichment; screening-level at most, prioritized for experimental testing."
mut_00050,G407A,single_site_probe,unresolved,,tier0_cheap,false,,,"Exploratory single-site probe: no calibrated significant band, included for design-space coverage so the first wet-lab round can estimate axis-level enrichment; screening-level at most, prioritized for experimental testing."
mut_00005,S408H,single_site_probe,unresolved,,tier0_cheap,false,,,"Exploratory single-site probe: no calibrated significant band, included for design-space coverage so the first wet-lab round can estimate axis-level enrichment; screening-level at most, prioritized for experimental testing."
mut_00006,S408T,single_site_probe,unresolved,,tier0_cheap,false,,,"Exploratory single-site probe: no calibrated significant band, included for design-space coverage so the first wet-lab round can estimate axis-level enrichment; screening-level at most, prioritized for experimental testing."
mut_00004,S408R,single_site_probe,unresolved,,tier0_cheap,false,,,"Exploratory single-site probe: no calibrated significant band, included for design-space coverage so the first wet-lab round can estimate axis-level enrichment; screening-level at most, prioritized for experimental testing."
mut_00008,S408Q,single_site_probe,unresolved,,tier0_cheap,false,,,"Exploratory single-site probe: no calibrated significant band, included for design-space coverage so the first wet-lab round can estimate axis-level enrichment; screening-level at most, prioritized for experimental testing."
mut_00010,Y431S,single_site_probe,unresolved,,tier0_cheap,false,,,"Exploratory single-site probe: no calibrated significant band, included for design-space coverage so the first wet-lab round can estimate axis-level enrichment; screening-level at most, prioritized for experimental testing."
mut_00003,S408K,single_site_probe,unresolved,,tier0_cheap,false,,,"Exploratory single-site probe: no calibrated significant band, included for design-space coverage so the first wet-lab round can estimate axis-level enrichment; screening-level at most, prioritized for experimental testing."
mut_00009,S408Y,single_site_probe,unresolved,,tier0_cheap,false,,,"Exploratory single-site probe: no calibrated significant band, included for design-space coverage so the first wet-lab round can estimate axis-level enrichment; screening-level at most, prioritized for experimental testing."
mut_00012,Y431N,single_site_probe,unresolved,,tier0_cheap,false,,,"Exploratory single-site probe: no calibrated significant band, included for design-space coverage so the first wet-lab round can estimate axis-level enrichment; screening-level at most, prioritized for experimental testing."
mut_00013,Y431Q,single_site_probe,unresolved,,tier0_cheap,false,,,"Exploratory single-site probe: no calibrated significant band, included for design-space coverage so the first wet-lab round can estimate axis-level enrichment; screening-level at most, prioritized for experimental testing."
mut_00016,Y431H,single_site_probe,unresolved,,tier0_cheap,false,,,"Exploratory single-site probe: no calibrated significant band, included for design-space coverage so the first wet-lab round can estimate axis-level enrichment; screening-level at most, prioritized for experimental testing."
mut_00064,G430L,single_site_probe,unresolved,,tier0_cheap,false,,,"Exploratory single-site probe: no calibrated significant band, included for design-space coverage so the first wet-lab round can estimate axis-level enrichment; screening-level at most, prioritized for experimental testing."
mut_00007,S408N,single_site_probe,unresolved,,tier0_cheap,false,,,"Exploratory single-site probe: no calibrated significant band, included for design-space coverage so the first wet-lab round can estimate axis-level enrichment; screening-level at most, prioritized for experimental testing."
mut_00011,Y431T,single_site_probe,unresolved,,tier0_cheap,false,,,"Exploratory single-site probe: no calibrated significant band, included for design-space coverage so the first wet-lab round can estimate axis-level enrichment; screening-level at most, prioritized for experimental testing."
mut_00015,Y431R,single_site_probe,unresolved,,tier0_cheap,false,,,"Exploratory single-site probe: no calibrated significant band, included for design-space coverage so the first wet-lab round can estimate axis-level enrichment; screening-level at most, prioritized for experimental testing."
mut_00014,Y431K,single_site_probe,unresolved,,tier0_cheap,false,,,"Exploratory single-site probe: no calibrated significant band, included for design-space coverage so the first wet-lab round can estimate axis-level enrichment; screening-level at most, prioritized for experimental testing."
mut_00101,F534R,single_site_probe,unresolved,,tier2_focused_md,false,,,"Exploratory single-site probe: no calibrated significant band, included for design-space coverage so the first wet-lab round can estimate axis-level enrichment; screening-level at most, prioritized for experimental testing."
