mutation,category,angle_mean_deg,distance_min_ang,nac_status,nac_delta_vs_wt
WT,control,,,invalid_cosubstrate_diffused,
G430H;P438L;A275I,scalar_control,146.7,3.74,none,
P438T,clean_single,146.6,4.06,none,
P438R,clean_single,146.5,4.30,none,
G430H;S433I,scalar_control,142.7,4.52,none,
P438K,clean_single,152.2,4.55,none,
Y264F;T265S;G274A,integrated,133.3,4.58,none,
G430R;S433F,deconvolution,150.6,4.66,none,
G430R,deconvolution,136.0,4.67,none,
S433F,deconvolution,153.9,4.83,none,
T265S;G274A;A275V,control,117.3,4.87,none,
P438S,clean_single,158.7,4.88,none,
P438Q,clean_single,158.7,4.89,none,
S433F;G407K,deconvolution,127.6,4.90,none,
G430R;G407K,deconvolution,154.4,5.01,none,
G407K,deconvolution,152.5,5.13,none,
P438R;G407H,integrated,135.9,5.14,none,
P438N,clean_single,159.9,5.16,none,
G430R;S433F;G407K,lead,142.4,5.43,none,
