# hypothesis-grade mechanism-probe panel; screening-level reaction-geometry evidence only. Assay deconvolution variants + controls together. Purpose is mechanism hypothesis-probing, not lead validation. Fulfils the ROADMAP_V6 V6-4 plate deliverable (renamed from wetlab_plate_24.csv for claim-safety). See docs/car_v6/car_candidate_portfolio.md
plate,well,variant_id,candidate_id,mutation,lane,all_lanes,why_include,risk,expected_information_gain,assay_priority,codon_design_note
CAR_V6_probe_plate,A1,car_v6_00,car_v6_00,WT,baseline_control,baseline_control,baseline: fixes the Mg placement + the O_nuc->Palpha reference geometry every variant is compared against; plate-QC replicate anchor,none (reference),reference,control,site-saturation not required (defined substitution)
CAR_V6_probe_plate,A2,car_v6_01,car_v6_01,G430R;S433F;G407K,multipoint_mechanism_hypothesis,multipoint_mechanism_hypothesis,hypothesis: the combined substitutions re-anchor the 3-HP carboxylate toward an in-line alpha-P approach (the angle V6-3 found unoccupied); tests whether the multipoint change shifts the reaction GEOMETRY. Anchors the deconvolution series,multipoint epistasis; possible fold destabilisation,high,A,site-saturation not required (defined substitution)
CAR_V6_probe_plate,A3,car_v6_02,car_v6_02,G430R,deconvolution_probe,deconvolution_probe,deconvolution: isolates the Arg430 carboxylate-anchor contribution,single may not reproduce the multipoint geometry,high,A,site-saturation not required (defined substitution)
CAR_V6_probe_plate,A4,car_v6_03,car_v6_03,S433F,deconvolution_probe,deconvolution_probe,deconvolution: isolates the Phe433 pocket-packing contribution,hydrophobic swap may mis-pack,medium,B,site-saturation not required (defined substitution)
CAR_V6_probe_plate,A5,car_v6_04,car_v6_04,G407K,deconvolution_probe,deconvolution_probe,deconvolution: isolates the Lys407 charge/anchor contribution,Lys flexibility; ambiguous anchoring,medium,B,site-saturation not required (defined substitution)
CAR_V6_probe_plate,A6,car_v6_05,car_v6_05,G430R;S433F,deconvolution_probe,deconvolution_probe,deconvolution: Arg+Phe pair without the Lys,pairwise epistasis,medium,B,site-saturation not required (defined substitution)
CAR_V6_probe_plate,B1,car_v6_06,car_v6_06,G430R;G407K,deconvolution_probe,deconvolution_probe,deconvolution: Arg+Lys pair without the Phe,two anchors may clash,medium,B,site-saturation not required (defined substitution)
CAR_V6_probe_plate,B2,car_v6_07,car_v6_07,S433F;G407K,deconvolution_probe,deconvolution_probe,deconvolution: Phe+Lys pair without the Arg anchor,may lack the primary carboxylate anchor,medium,C,site-saturation not required (defined substitution)
CAR_V6_probe_plate,B3,car_v6_08,car_v6_08,P438N,single_site_probe,single_site_probe,"single-site probe at the cleanest design position P438 (low structural risk); V6-2 MD run — ligand retained, stable",low (clean single),medium,B,site-saturation not required (defined substitution)
CAR_V6_probe_plate,B4,car_v6_09,car_v6_09,P438R,single_site_probe,single_site_probe,single-site probe: P438 Arg (alternative carboxylate anchor near the pocket),low-medium,medium,B,site-saturation not required (defined substitution)
CAR_V6_probe_plate,B5,car_v6_10,car_v6_10,P438K,single_site_probe,single_site_probe,single-site probe: P438 Lys charge variant,low-medium,low,C,site-saturation not required (defined substitution)
CAR_V6_probe_plate,B6,car_v6_11,car_v6_11,P438Q,single_site_probe,single_site_probe,single-site probe: P438 Gln polar variant,low,low,C,site-saturation not required (defined substitution)
CAR_V6_probe_plate,C1,car_v6_12,car_v6_12,P438S,single_site_probe,single_site_probe,single-site probe: P438 Ser small-polar variant,low,low,C,site-saturation not required (defined substitution)
CAR_V6_probe_plate,C2,car_v6_13,car_v6_13,P438T,single_site_probe,single_site_probe,single-site probe: P438 Thr small-polar variant,low,low,C,site-saturation not required (defined substitution)
CAR_V6_probe_plate,C3,car_v6_14,car_v6_14,Y264F;T265S;G274A,multipoint_hypothesis,multipoint_hypothesis,alternative multipoint geometry hypothesis (A3 loop),multipoint epistasis,medium,B,site-saturation not required (defined substitution)
CAR_V6_probe_plate,C4,car_v6_15,car_v6_15,P438R;G407H,multipoint_hypothesis,multipoint_hypothesis,alternative multipoint hypothesis (pocket + His anchor),multipoint epistasis,medium,B,site-saturation not required (defined substitution)
CAR_V6_probe_plate,C5,car_v6_16,car_v6_16,T265S;G274A;A275V,baseline_control,baseline_control,binding/stability control: MD-lite favourable but reaction-geometry-neutral — separates binding from geometry,none (control),control,control,site-saturation not required (defined substitution)
CAR_V6_probe_plate,C6,car_v6_17,car_v6_17,G430H;S433I,objective_conflict_control,objective_conflict_control,objective-conflict control: pipeline scalar-ranked high with reaction-geometry evidence ~0 — probes scalar-vs-geometry divergence,none (control),control,control,site-saturation not required (defined substitution)
CAR_V6_probe_plate,D1,car_v6_18,car_v6_18,G430H;P438L;A275I,objective_conflict_control,objective_conflict_control,"objective-conflict control: second scalar-top, geometry ~0",none (control),control,control,site-saturation not required (defined substitution)
